<?xml version="1.0" encoding="UTF-8"?>
<beans xmlns="http://www.springframework.org/schema/beans"
       xmlns:xsi="http://www.w3.org/2001/XMLSchema-instance"
       xsi:schemaLocation="http://www.springframework.org/schema/beans
	http://www.springframework.org/schema/beans/spring-beans-3.0.xsd">


<bean class="org.springframework.jdbc.datasource.DriverManagerDataSource" id="ds">
    <property name="driverClassName" value="com.mysql.jdbc.Driver"/>
    <property name="url" value="jdbc:mysql://localhost:3306/spring_framework"/>
    <property name="username" value="root"/>
    <property name="password" value="root"/>

</bean>
    <bean class="org.springframework.jdbc.core.JdbcTemplate" id="temp1">
        <property name="dataSource" ref="ds"/>
    </bean>
    <bean class="com.dao.BookDao" id="bdao">
        <property name="jt" ref="temp1"/>
    </bean>


</beans>